mu,sigma2,pi
-0.423648930193602,0.847297860387204,0.340096264705
-0.423648930193602,0.847297860387204,0.336584529280088
-0.41878907884961,1.01160091167848,0.379461637579034
-0.388102456824981,0.924420857957405,0.269324452473715
-0.3754768733933,0.590868331439527,0.283522242802361
-0.3754768733933,0.590868331439527,0.277785667774713
-0.375067055966778,0.441832752279039,0.228596841443397
-0.318080124593167,0.944461608840851,0.326939229083232
-0.309519604203112,0.619039208406224,0.220000621564707
-0.309519604203112,0.619039208406224,0.23182081025515
-0.268038395314676,0.844378150283869,0.34109273403914
-0.229354811313488,1.03407376753054,0.335681440819365
-0.225992561871529,0.451985123743057,0.229797504489936
-0.200297088936784,0.133531392624523,0.113904295458236
-0.198357645972529,0.544931236252502,0.284089584083602
-0.194341408671873,0.803961546900236,0.283048972982613
-0.149976082521798,1.11088238125992,0.343973590911351
-0.146686318769711,0.708651367095911,0.28535478081445
-0.146276501343189,0.559615787935423,0.230891005030714
-0.146276501343189,0.559615787935423,0.215844239574645
-0.130247712922522,0.911340226714299,0.286192699192909
-0.111571775657105,0.22314355131421,0.119947085398167
-0.105924772347725,0.340926586970593,0.172638980368633
-0.0940060609407975,0.603290851438084,0.276825548707906
-0.07136788850598,1.00430160919687,0.272648625245157
-0.0445120481690664,0.453667209926042,0.156678496690436
-0.0445120481690664,0.453667209926042,0.172971407390075
-0.0414438299028839,0.893817876022096,0.328810398557953
-0.00890191054397127,1.23007542822857,0.337474779106521
0.00336444150624873,0.495899973549315,0.225306488797136
0.00336444150624873,0.495899973549315,0.230225525925143
0.00336444150624873,0.495899973549315,0.217825011035821
0.00570745140764933,0.85015092936961,0.274492336847845
0.0189987813554767,0.612847238158302,0.276909067552935
0.0251822340501037,0.715620036412004,0.171782029793008
0.0251822340501037,0.715620036412004,0.165994039334093
0.087470724748166,0.635988766719997,0.120453570836886
0.0968682298046267,0.667829372575655,0.266696883253593
0.0972780472311487,0.518793793415167,0.226458012314813
0.137629776226612,0.300104592450338,0.160130391081578
0.137629776226612,0.300104592450338,0.168457367899378
0.140783735725963,0.431782416425538,0.233232211877194
0.150052296225169,0.510825623765991,0.108716492735791
0.156306457179531,0.739573277434497,0.282549680719131
0.163998102349243,0.437988299813725,0.166883378111074
0.163998102349243,0.437988299813725,0.165085265402325
0.192192935894574,0.863922746356839,0.158828684123295
0.21459081736274,0.510825623765991,0.155868890262504
0.21459081736274,0.510825623765991,0.165155141444892
0.240235272492227,1.21412517578995,0.324796539802694
0.25062808637492,0.885038188370051,0.282311836202422
0.261624071882274,0.287682072451781,0.106244197064788
0.26248262167008,0.446050388223243,0.10599872152038
0.280138269126406,0.688032079893175,0.172638124165746
0.281356513675002,0.377294231141468,0.157099066715144
0.314512619653795,0.490206336563255,0.117549963567416
0.318410499751863,0.303186258987746,0.172818601838142
0.32987015336497,0.440352367108605,0.173376578343768
0.331187760946596,0.723918839226699,0.100819728403921
0.344468500321369,0.826434402752294,0.159702385948893
0.346573590279973,0.693147180559945,0.227299726255398
0.34921512360786,0.437537827996159,0.0572922696780465
0.353229524215447,0.177206456127184,0.00823619424286298
0.359290403376436,0.381511867085672,0.163667243674366
0.362817969401155,0.245379692761091,0.118812004824645
0.366923229491868,0.538131074456258,0.00871484514581971
0.372220237473748,0.641853886172395,0.162121101168186
0.372220237473748,0.641853886172395,0.170530883494873
0.386925319275436,0.474457979595116,0.174714801241054
0.390079278774788,0.606135803570315,0.167276662685924
0.413069061078112,0.689233281238809,0.172699869989526
0.420757500990609,0.423530115505803,0.0539312348672241
0.431523108677671,0.523248143764548,0.112963147089734
0.455454715392385,1.11229239257219,0.106439071833679
0.470003629245736,0.44628710262842,0.117695604770734
0.475650632555115,0.564070138284803,0.161553201068115
0.475650632555115,0.564070138284803,0.156333048486772
0.475919370595993,0.582671564235349,0.285988430144664
0.48532810053088,0.665964445966143,0.164963074917269
0.490414626505863,0.405465108108164,0.113294342645315
0.490638472178188,0.283768173130645,0.0612026744153868
0.491479133362554,0.27425905211964,0.112145024098047
0.492131711271037,0.790342967459731,0.213553033809664
0.492601408392956,0.530168586609122,0.161168882332618
0.492601408392956,0.530168586609122,0.161788842650938
0.512732218778377,0.611156209471148,0.156097467276004
0.528895147073927,0.328504066972036,0.00881374888890423
0.536959838038869,0.312374685042152,0.171521317246572
0.538141160631163,0.698324068739479,0.212635083072327
0.560295341914828,0.609404191143553,0.115560768385195
0.562118418816617,0.383306767119526,0.118308470385392
0.569717141594182,0.693147180559945,0.101480679522698
0.569717141594182,0.693147180559945,0.107298855429991
0.572161377766421,0.379957348560952,0.2113284835431
0.572504794103269,0.491611058821365,0.169913613635457
0.59012813885431,0.65232518603969,0.118049532865231
0.597812934886285,0.534369005200639,0.105209224558632
0.607895135552491,0.27863853255546,0
0.610971589044972,0.508051696883266,0.102003765012474
0.616071840646316,0.154150679827258,0.00990080796922557
0.616221526008804,0.542163337984197,0.228455474943362
0.634141363954253,0.482654746799295,0.172147227752923
0.635043765093978,0.230523658611832,0.0544994176356639
0.657117680838897,0.397096858437648,0.0602976977307867
0.65949925483009,0.58295407006391,0.061665596981864
0.660367829581644,0.453870730838519,0.229058191054242
0.662458540722494,0.774727167552368,0.222027398795422
0.667089179990438,0.287682072451781,0.114683499129406
0.672322637859797,0.58551651636758,0.109296873166143
0.682527073675401,0.565107644736373,0.105936154869256
0.687244242764205,0.90438008084832,0.115141208610322
0.707779370751329,0.443513175745694,0.175697744831458
0.714278713726471,0.301437447520266,0.10281495018514
0.719205181129452,0.523248143764548,0.159983196000817
0.731203047140844,0.560795729075271,0.11801397829434
0.733715909628244,0.341480729197816,0.0586319143630616
0.739710169554687,0.579818495252942,0.165297997056801
0.753272459302911,0.651074404138037,0.0464736920824792
0.759031819375507,0.679160938585206,0.109747761178632
0.760462259028793,0.409237274029588,0.101494667071301
0.776599320506957,0.255713907440391,0.060123600097518
0.778767713867448,1.01817314887838,0.119805156481789
0.787081885839648,0.731195248197475,0.340733453972343
0.78862340355656,0.384411698910332,0.0110793322783895
0.789751898833178,0.47973503669596,0.16943682692127
0.799376506167042,0.362905493689369,0.0007827857601922
0.816571001747824,0.357714101370111,0.0498633739035628
0.821818721840477,0.646627164925052,0.222297586296473
0.829757131693625,0.49810505935661,0.0479366675607446
0.834934825809509,0.527354925717201,0.112599030735494
0.839526444123182,0.882814802677766,0.171985876583184
0.85518634031037,0.447246642123119,0.0516214188943669
0.862231808884172,0.177488961955746,0.0529933967170823
0.862619393443246,0.471985790449727,0.229567075563662
0.887243391146673,0.813355299684405,0.0562157521890528
0.895953047996039,0.444154653058344,0.0470940269142907
0.897941593205959,0.401341390924302,0.00662405791701749
0.900178158226787,0.607589292198299,0.167518119937709
0.907507934472475,0.297089479553676,0.10356147035394
0.912219483813949,0.416743423145871,0.171763071153608
0.920751518565725,0.394557711918972,0.0489482326273392
0.932819421913388,0.696228847097353,0.156025713920981
0.942648791819359,0.190677750064632,0.0504208571002405
0.943538500579251,0.453065504142007,0.00760421536811627
0.956958034329312,0.412385550952738,0.170270394526624
0.977229080871174,0.633383920235404,0.045134999606391
0.984084253000751,0.607540070611774,0.11813276570282
0.993607424156422,0.248845900737578,0.0530730458839848
0.993607424156422,0.248845900737578,0.0606883535006601
1.00765980021374,0.490206336563255,0.108216259210986
1.02615609606344,0.647541241771147,0.223135832193328
1.02822170937457,0.656439377191288,0.0589447472310211
1.03330644740752,0.438913042175704,0.115401989095994
1.0466405709486,0.412244795093543,0.10621322696061
1.04930337127289,0.544904937418853,0.118044711820698
1.05041787625961,0.331954896129769,0.121561870253283
1.07244382690968,0.682499016796647,0.0104110561169218
1.0883800127803,0.536122770379811,0.0657548542255122
1.10021038675698,0.375287803099323,0.104674072488734
1.10049220722574,0.321278021880297,0.0495995015054993
1.10490057640062,0.263724101496618,0.0104520414849278
1.10721023208154,0.494670861447532,0.116552452205411
1.10849922349845,0.434341031610019,0.0489166566317021
1.11298861352664,0.478808391835142,0.165558099380291
1.11549571990352,0.541597282432744,0.115626914318661
1.12121558508715,0.165514438477573,0
1.12416226287264,0.456461093143146,0.161359723447092
1.16295925966301,0.754971562568284,0.331138190749412
1.16905535425448,0.260455259751567,0.0063244696854148
1.20089028904972,0.25649131646044,0
1.22116635405412,0.273914260198147,0
1.22322262583005,0.616507490268668,0.104665519867149
1.22709953799092,0.25489224962879,0.100586023445997
1.22819788540356,0.590595194459635,0.0572924897724349
1.23146309437587,0.364460481864271,0.00257842392800376
1.23222004577643,0.429397874319793,0.112977746758248
1.23646591056705,0.178407657472818,0.0477454388762876
1.23939467623942,0.553905626257341,0.00739782189549878
1.24371829507474,0.10040549182828,0.0530038418061617
1.24741955093564,0.385884062909058,0
1.24901011047815,0.443683277339606,0.0493510344172414
1.25737980646884,0.2578291093021,0.0572868152024742
1.25957959532806,0.0794067776044106,0.00686427408372983
1.26788949008088,0.683096844706444,0.112978555816143
1.2690679538123,0.342587257155734,0.000251347869029269
1.27343500226377,0.786322648020554,0.0483313661907386
1.27535798902951,0.432593775496417,0
1.27535798902951,0.432593775496417,0
1.27659225794098,0.379489621704904,0
1.2797233702046,0.271117055577086,0.0573613051327929
1.28094272471582,0.15099734650877,0.0507715917094662
1.29169624960636,0.297330665567613,0.00733573259711266
1.29296317002934,0.511700241176651,0.0459563080613088
1.2996296571809,0.294578651510841,0.112909740197343
1.30104231611244,0.27863853255546,0.00687100733038969
1.31966835721397,0.407654250838817,0.0665856163549289
1.3209885198593,0.438913042175704,0.000535325866984203
1.322921718571,0.386851541594175,0
1.32339971781476,0.400191529637227,0.0661231156123388
1.32914730942956,0.873273346790464,0.280495927300609
1.3359260755521,0.725485941219883,0.158399846822831
1.33792409299721,0.1515384846216,0
1.33792409299721,0.1515384846216,0
1.34027812383318,0.200166917113965,0
1.34596741219113,0.24073931320459,0
1.35962006211543,0.523027780163717,0.0548865174088213
1.36023636055038,0.287682072451781,0.103347357771416
1.36488755688154,0.278379679789468,0.120217154067579
1.36825930103218,0.258521390395861,0.0621797747610654
1.37591648298167,0.756205316527082,0
1.37603559764012,0.421858917883841,0
1.3766130990903,0.279468780555581,0.00234160502292216
1.37686849537061,0.787675129319217,0.116354375960223
1.38067816213192,0.271338654472331,0.00929868891625665
1.38085564775312,0.554744857700826,0.111643945292114
1.38709500180338,0.444685821261446,0.000587119905464352
1.39340634242968,0.721225597631056,0
1.39987009516404,0.589451251220727,0.00331787156746723
1.40404548477275,0.581100472003307,0.00168851965921931
1.40408771071379,0.539777445715758,0.164573742846043
1.40624502064295,0.520702611262201,0.0649921902540192
1.40836242605927,0.560425613867115,0.0581844671855267
1.41817781654951,0.291595443615666,0.00835524972290732
1.426941386258,0.57571408366785,0.00509559941422194
1.42736267467016,0.319204763823757,0.00318379988791421
1.4317675519713,0.355340720925596,0.000417131371004506
1.43208107546863,0.643876131553163,0
1.43760194034193,0.298726232480217,0
1.43795919390542,0.412328553033147,0.054606773280311
1.44626827440821,0.729818561353887,0.0643137215685151
1.446413115585,0.254185575246081,0.0528680627966351
1.45122742850747,0.595944852603583,0.10740442077444
1.45613368472925,0.168622712435793,0.00194669568515383
1.46272129107763,0.582595700335149,0.0082228768188972
1.46964136868419,0.234647375795694,0.0098724460566882
1.47357027499845,0.677616962864681,0.116259582354884
1.47570195776616,0.412113232495138,0.112526817591452
1.47816367962627,0.124562722641762,0.00493130006203428
1.48826670519836,0.492668700379501,0.000162788960197941
1.49022568060601,0.352741291336082,0.0461121424606122
1.49315977823427,0.276514081837221,0
1.50052544756662,0.194156014440957,0.0644151774626743
1.52318374299469,0.759602722687174,0.0470181136766035
1.52762144702924,0.486169226001973,0.114500064735637
1.52961641263482,0.560984390522864,0.0012282888748683
1.52974175410363,0.675050535265139,0.053842027088027
1.54103446362219,0.2237771215033,0.00149136858992279
1.54449955121125,0.576163825074126,0.117010981304162
1.54814994057426,0.574189281187071,0.159937582753009
1.55127128854492,0.366659533686369,0
1.55549884054868,0.318599175086502,0
1.5569659445478,0.202524264111474,0.111832595252489
1.56146514762874,0.589665685473766,0.16592711617245
1.56437203290725,0.17710198293317,0
1.5735879104865,0.933265836080117,0.280201789280286
1.57770256865108,0.736415160808461,0
1.57825063598111,0.427017666493899,0.0560300898958981
1.59130794102789,0.325422400434628,0.00200130159859545
1.59837298168005,0.386772975096012,0.10206029120694
1.60655028982293,0.407116636146638,0.0001140582814347
1.61373633604686,0.202124184090134,0
1.61664737846371,0.815468772066206,0.227959402226445
1.62088482236703,0.341749293722057,0
1.62218153131741,0.416088437476892,0.0559294007423386
1.62343054425872,0.299273583914357,0.00338778383843601
1.63458037097767,0.200041368820864,0.00160359326661564
1.63498788663863,0.456461093143146,0.00860870553804561
1.64034036837862,0.26545393567457,0.00156755536263809
1.64330628442643,0.605207729257762,0.120245431733188
1.64597865622712,0.489743431290332,0.119167463666025
1.64869972064408,0.437134602184243,0.0518196587747015
1.65666539539409,0.378322590208481,0
1.65856653836896,0.374520304258743,0
1.66603464053599,0.43850177340577,0.0606708227327145
1.66904087367404,0.456158222423682,0.157109196499797
1.67253851911832,0.315374461875061,0.0588040856884379
1.67307701047686,0.424417033524031,0.0484061924264818
1.68097579593317,0.335884174269659,0.0564277150353934
1.68196261912234,0.327728142751984,0.00405643200650811
1.68485123560841,0.356734395203576,0
1.6852188480519,0.0987644146724123,0
1.69151878798722,0.50878272213619,0.118845694664038
1.69421932920974,0.856788768670602,0.0450834654985513
1.69514341493747,0.229930385917556,0
1.69767611906073,0.558973146997373,0
1.69819122419603,0.295270932604602,0.00639840049194172
1.70186366101181,0.570409121074015,0.0508170947059109
1.71114283766335,0.383684533349867,0.0522848821677319
1.71688597090734,0.186445273977817,0.00709881938137114
1.72346070893822,0.461635379575219,0.054585679212078
1.72530491767507,0.205644391447718,0
1.72563774753643,0.309350238066143,0
1.72959866298007,0.335042643811618,0.16188490929512
1.73862227980373,0.328725649069109,0.0450797695141337
1.73933637763193,0.291898299213895,0.059057460373459
1.74353548391634,0.340227605841508,0
1.74510865311693,0.471785631499304,0.100518608934396
1.74781974933383,0.427677513379248,0
1.75078517790447,0.29266961396282,0.000665629828954115
1.75334446310277,0.353130689212203,0
1.76020165207102,0.273836665629728,0.000742715488839894
1.76688653864263,0.481163006824236,0.00945540461833589
1.7682129474536,0.508140360772576,0
1.76915477067719,0.824138930625174,0.217156177115135
1.77024003232098,0.55869709241835,0.0559506217727955
1.77174062571229,0.250758718347183,0
1.7729587255769,0.345902846956821,0.108249523230978
1.77958232068623,0.51459921314963,0.0100276783791371
1.78549158569382,0.303959389431266,0.0553912664118275
1.78707583660464,0.463482166517518,0.056957878228515
1.78913486498426,0.281549885449219,0.00612934895725921
1.79116630710311,0.794949053083438,0.276719278504213
1.8027775021584,0.400582121473729,0.0575202646542858
1.80388020141457,0.186479566942618,0.0100526326510124
1.80463681372432,0.435292628231142,0
1.81020088072399,0.140223971691021,0.000904040679987519
1.81211616817585,0.102204530068695,0
1.81225442668293,0.390427230743624,0.00217184594362043
1.82151538533773,0.60219665641463,0.0605041183656599
1.82941064588625,0.440355865287803,0.061471354651596
1.83344428295611,0.192931049505519,0
1.84013043923571,0.450649720938766,0.010929429893475
1.84077250250827,0.356088834710271,0.0641008567078556
1.84493997722376,0.104360015324243,0.00953850277145393
1.84815813461236,0.434594330185468,0.00519897296363488
1.84903656305197,0.547154300986148,0.0570426368664071
1.8627254913143,0.712955985481384,0.170011877486451
1.86334695734137,0.196623097364159,0
1.86448064519579,0.162859007719043,0
1.86486905747482,0.333126530037303,0.108665457576105
1.87184913628176,0.241162056816888,0
1.87452828016422,0.437413167295902,0
1.87749481542958,0.199335754259685,0
1.88303459376896,0.736514409675075,0.116099781919933
1.88797367072711,0.517214347580705,0.00163725738069043
1.89017799975739,0.111464298595844,0
1.89163546920059,0.375612144958483,0.0658854952630639
1.8918608102419,0.290042234038273,0
1.8946725479094,0.225590988290689,0.0100452929029707
1.89682852010636,0.39281268741162,0
1.90228513806695,0.40911075560201,0
1.9059271170358,0.678999124236599,0.00975015914691612
1.9108843925029,0.222797470673967,0.0019181198601611
1.91117380601335,0.809313027461427,0.174980433546534
1.91423166896643,0.358006389691492,0.000859618653450162
1.92595191233811,0.415113701223996,0
1.92627072186615,0.850209070594662,0.11660610580138
1.9329742396564,0.322132202889174,0.0474334444820933
1.93536087575627,0.228455405547773,0.0601885077525913
1.93842018215748,0.309629363309386,0.00694851511395536
1.94900953132607,0.204522266774147,0.00276093299081549
1.94927459056156,0.495899973549315,0.107772720570919
1.95479444137261,0.276880844879123,0.00764400540045462
1.95503370058415,0.192473928257973,0
1.96640915287073,0.255262376460517,0.0526284365548338
1.96710976791262,0.306307536574946,0
1.98850460895518,0.871554838032763,0.0540426450794149
2.00248648709791,0.48588038411238,0.00262142475089058
2.00359183141677,0.206497368902357,0
2.00375620064535,0.233014671109473,0.000546242679934949
2.02005444779094,0.354340259090569,0
2.02065109932558,0.303144351610439,0.00344110989016481
2.02329049870211,0.246580691630707,0
2.05184270784163,0.290763738989189,0.00271721404544078
2.06075024525672,0.206497368902357,0.0620844503365043
2.06985277464303,0.20474100097555,0.00475271965381689
2.07029975811431,0.178368982478131,0.0013071161496453
2.07643658123958,0.517876669154916,0
2.08144830346125,0.374470475714224,0.00422100176140666
2.08381474393177,0.459640370497724,0
2.08562286713164,0.2959387087509,0
2.08909397149059,0.216261211691268,0.00774783869753592
2.09135779379108,0.354651495054566,0
2.09375082583551,0.661062404272113,0.0585117282353859
2.09392481187201,0.156596926517589,0.00252698944956064
2.09800781270945,0.950904468840001,0
2.10829097411393,0.624154309072994,0.105821354202797
2.11166934277816,0.267514672751884,0.00815994255468249
2.11350544414539,0.40025897007049,0.000176500539248808
2.11563536266658,0.202014601053479,0.0532004165084153
2.11593517803986,0.235314086934465,0.00952600223617628
2.11748661619283,0.322575656215,0.0644377344626054
2.12050270846966,0.202226643981446,0.0060248796033673
2.12306455882419,0.381140740712883,0.0105604124397039
2.12646845492877,0.960656024936538,0
2.13536975017321,0.123709654326023,0
2.13715189959366,0.459943429075905,0.0064431397147011
2.1408540151566,0.410432379554372,0.010873540221015
2.14146738672012,0.111514381232205,0
2.14638676458744,0.42053109935377,0.0018208069620654
2.15131634775067,0.324637162859926,0
2.15301580157898,0.208213834676615,0
2.15306354431725,0.529664790375585,0.00455848155682907
2.15884553618307,0.846106759184487,0.00855878970623016
2.16149480586852,0.328694298579591,0.0616907327420596
2.1764039257917,0.40216495075093,0.0057836698718369
2.1785413638332,0.225740857125442,0
2.18052945216114,0.082173156598472,0
2.18209529425038,0.263079269860493,0
2.1839231641724,0.762052386578269,0
2.18469252238208,0.466406834245929,0
2.19007733244613,0.913770353352488,0
2.19373604528345,0.149894992069835,0
2.19671388269823,0.61308381151594,0
2.20285214016485,0.545504233921679,0.00279445740664378
2.21931085825635,0.83949294271782,0.00829713771273382
2.22386360765154,0.407769256593014,0.00775381366498768
2.22576504456452,0.934719012642032,0
2.22611022176303,0.480208590025639,0
2.22770493465565,0.438922774299011,0
2.22931936923614,0.233501671395294,0.0107760527453385
2.23339389658726,0.267459435088721,0.00701156334592961
2.24256925670534,0.185611318223384,0
2.26016122076758,0.150427390098908,0.0010869299471844
2.26107658608992,0.31363870683024,0.00778931747269817
2.27090944560069,0.233666911467328,0
2.27596882228884,0.303558827318426,0
2.27682789853599,0.774253965401989,0.0600913036895968
2.28807395523796,0.318184733134397,0.00721443408331834
2.28945126729925,0.296106287188329,0.00737244299305603
2.29245999594108,0.439691256070068,0.00276913223429583
2.2964399452442,0.282128931298424,0.0106875321582891
2.29731851618742,0.0761127992592348,0.0104394756620284
2.29760692660879,0.482733888898976,0.00643577576614916
2.30151304450867,0.151946713316981,0
2.30555999784827,0.258169634317677,0.0584955915295105
2.31359183279526,0.168606880006227,0.00923881842526607
2.31921054723191,0.349825515322021,0.00267053603203967
2.32380884581271,0.454945745840327,0.0519244809122808
2.32474691585399,0.555885539180796,0.103163617025652
2.3267922274056,0.10138834752313,0.00926149260797538
2.32881584972936,0.217377122328116,0
2.33414246490398,0.187211542088146,0
2.33595060810659,0.260527817338515,0
2.33811192273637,0.23724770016986,0
2.34089268676714,0.420778063931463,0.062943159811623
2.34424435312817,0.44141000866674,0.00113016683100723
2.35185176393606,0.320907720080101,0
2.35347788995399,0.388459322146078,0.0077999368343968
2.35625438945325,0.382906323147567,0
2.36678555812261,0.25467549354062,0
2.36737420334333,0.590427247364249,0
2.37006168235106,0.134885457084704,0.000404002769943327
2.37229002277537,0.442194540013391,0.109869262724473
2.37554717477227,0.527020309685971,0.00821370432930998
2.3847540018113,0.555667650428313,0
2.40017174349893,0.18790312278798,0
2.4010757144946,0.344768665269686,0
2.40857185539215,0.0578651110025255,0.00984034360949881
2.41946536585484,0.273800495830602,0.00273500633602962
2.42715388229014,0.258423462960012,0
2.42951345629558,0.387087063946477,0.0101856718598865
2.43231405434155,0.429296909561644,0.0106279020390473
2.43304254588787,0.963441330264905,0
2.43361721344003,0.102578872695949,0.00557418261053972
2.43671629786915,0.0777759185130784,0.00324254730362445
2.44001003815324,0.10822653347937,0.00113316806126386
2.44280461343636,0.360504749664918,0.00838190976376645
2.44638384151525,0.337151873041903,0
2.44809018931874,0.250739715621409,0
2.45129443432628,0.600481757431337,0.00363984270729125
2.45569297138177,0.235534151495346,0.00608265014961362
2.46458610888738,0.5713937116762,0.0605818757731985
2.47022135367777,0.321735612576633,0.00845567694031633
2.470514326535,0.384147000980911,0.0014156919662375
2.47180520712056,0.220187417309507,0
2.47334958518439,0.666744286849694,0
2.48103987377252,0.298097571719966,0.11996750828215
2.48303883689146,0.0942488089693148,0
2.48317364826548,0.651040157232831,0.0603022817219659
2.48493134463501,0.533207936813877,0.00839334089183249
2.48679782111793,0.59916844650838,0.00244766136067919
2.49578960342616,0.364366284877547,0
2.50122568814691,0.259726943638349,0
2.50461011882811,0.346725254073646,0
2.51036689363987,0.304441866771168,0
2.5112542435246,0.191084447744872,0.00965355754327029
2.51184744315727,0.316924859924187,0.00747656183755025
2.51184744315727,0.316924859924187,0
2.51911792457866,0.271375524009478,0.000554769782954826
2.51931081259617,0.17497130960174,0.00677411962626502
2.52083597900498,0.171920976784117,0
2.52140028614803,0.235314086934465,0
2.52576317199145,0.0783723709401793,0
2.52862062822542,0.220873402779671,0
2.55391745220392,0.781043053925043,0.335788987928194
2.55542497512351,0.0529478813036053,0
2.55758155923846,0.315697498322741,0
2.55955336745887,0.398098225612335,0
2.56266833160762,0.655406852577098,0
2.56357116318078,0.228803165368301,0.00029107587011531
2.57590520248301,0.188809341272697,0.00247339396169409
2.57698411972349,0.334867451099187,0.00745450076716952
2.57816174676714,0.461063960229525,0.0555538927913229
2.58231200874472,0.113490641741077,0
2.5828870581482,0.250326285908012,0.00700409660465084
2.58761478123042,0.542812893563334,0
2.58809559330848,0.339356086292325,0.0549772509107884
2.59417567955532,0.386023684211224,0.044883602633379
2.59431770053859,0.151984345161538,0.0104165863315109
2.5945939810413,1.24856368765381,0
2.59629329119665,0.825368418214725,0.176440693062839
2.60036927590639,0.399236841043017,0.00917867808463052
2.6012003591104,0.342776726258755,0.00826294678011909
2.60562005761069,0.646435962226534,0.0588966429898567
2.60563394078274,0.388707511290314,0.00519376027607359
2.60622423963474,0.143497012460378,0
2.60955402405397,0.167141053663121,0
2.61390975918839,0.112800227861951,0
2.61474662805759,0.156755845655893,0.00652749296044931
2.61515403590484,0.0948675822412218,0.00550256186211482
2.6187608260389,0.454879427088247,0.00180855335262604
2.63079358125109,0.41786888765264,0.0107933783671819
2.63519489674225,0.130840651744878,0
2.63880654686046,0.954349709690223,0
2.6417754311758,0.275467467817113,0
2.64317378946156,0.114882866306267,0
2.64631876370844,0.334183906103201,0
2.6539019742022,0.422936962977096,0
2.65589361106888,0.481985655696961,0.0462041046941239
2.65839789730219,0.476255452336704,0
2.6691126421111,0.0778751179822235,0.00465060411226004
2.67613417108201,0.261175115054459,0
2.67960230242733,0.333196474311386,0
2.68045832033137,0.0699439761369205,0.000541783097572624
2.68067921605888,0.225057586767276,0
2.68286101048197,0.415021494828383,0.0104752555323299
2.68650929912556,0.306437451903707,0
2.69003640312459,0.108762884297,0.00491085234694183
2.69163874370414,0.385082087888217,0.00653892427976243
2.69195771752697,0.551207358120654,0
2.69357097156441,0.279284744983615,0
2.69453106752532,0.580055810861091,0.00643864816306159
2.69918777941,0.647886936664205,0.000697090817894786
2.70010419012124,0.481639693875522,0.163555943165642
2.70874584877606,0.300550758472057,0.00396351409060881
2.70986261664138,0.083345392801136,0
2.71173517064533,0.556852115718403,0
2.71428192117204,0.327334633451126,0
2.71438052209988,0.157654974685279,0
2.71614120726997,0.247173635614875,0.00376349391178228
2.71991736599562,0.73212357081229,0.0028016580611933
2.72186541407144,0.10144661633669,0.00243852847474627
2.72333989338081,0.245721292404433,0
2.72521996831914,0.29291931312975,0.00504112844886258
2.73363394424193,0.212188161670952,0
2.73576441482892,0.913776429880364,0.0655327012328017
2.74229778772323,0.646335647690868,0.0107290476580616
2.75561411637562,0.469094224257833,0.00804672076734714
2.75614510271272,0.28076104151565,0
2.75850422459553,0.26373506660127,0.00383988168002106
2.76584928814033,0.297827845759984,0.00206262478698045
2.7699622266597,0.240819062472932,0
2.77968327438748,0.282171921386119,0
2.78465376365973,0.0575139062006066,0.008408396968944
2.78596665841559,0.351728126925432,0
2.7936944396772,0.217894821621552,0
2.79446556982252,0.848820510091361,0
2.79776089855717,0.0968792820517212,0.00409005631017499
2.80753666687427,0.646229849158175,0.00938340305560268
2.80864558180733,0.63427963998971,0
2.81526868831035,0.447897394366751,0
2.81857661577703,0.251724726778815,0
2.82117484221548,0.382173466579439,0
2.82132158206694,0.467454537286945,0.0101094008971006
2.82348819592243,0.575109848285103,0
2.82927023859304,0.398503715567877,0.00403204104001634
2.83203044376395,0.189417916606173,0
2.83601215850691,0.499933985789726,0.00332615670673549
2.83640228579545,0.362617788954641,0
2.83700011898409,0.487779925820413,0.00904681580001488
2.83770119681045,0.806307069553059,0
2.83818460534623,0.848853226059559,0.0450724632550083
2.83847291035132,0.76080582903376,0.113049544983973
2.83920569312782,0.175067417878434,0
2.83986011555971,0.37732396163455,0
2.84761502006304,0.146308430034991,0
2.85297427653762,0.39365043657329,0.00158999647200108
2.86411350095609,0.779400750546783,0
2.86736829632626,0.278827626828632,0.00158741678651422
2.87073867688399,0.147400604564894,0.00635300772618502
2.87078432548056,0.389362572176215,0
2.88187308652587,0.448414488393973,0
2.88611205617317,0.116653845986537,0.0011252970546484
2.89042176039633,0.210621026315319,0
2.89673115213385,0.428623935862275,0
2.89820755624313,0.455155691118109,0
2.8996666692404,0.257710854273167,0
2.89983954322952,0.299919903189494,0
2.90038094063951,0.277672889708432,0
2.90061451971241,0.167888906486909,0.00991664655189961
2.91437534231808,0.442237747222138,0
2.92557489243389,0.595471059004348,0.00414595678034239
2.934098386369,0.283353189717062,0
2.93464070802311,0.251260173336911,0.0100289337405469
2.94023518821171,0.609915889947731,0.00400687534189783
2.94247208261523,0.225153536190354,0.00903424010979943
2.945103546261,0.493487212438568,0
2.94749630579479,0.194052263857267,0.00642003331356682
2.95435009610231,0.126722168340919,0
2.95525037445016,0.103063470580836,0.00746788116311654
2.95873280715053,0.862582547826993,0
2.96477365805279,0.242410986697964,0.00173095964742824
2.9687047713549,0.526832560526641,0
2.97065089692971,0.522940309377016,0
2.98926733046226,0.282768521982204,0
2.99288232784137,0.0712795370712156,0.0107021872574463
2.99484879144221,0.412178665478644,0
2.99821934973971,0.635969638178107,0
3.00440134420323,0.549675260784133,0.00730059653171338
3.00461906051342,0.13202904242737,0.00723510081768036
3.00487022500183,0.312752974059469,0.166465343940087
3.00515803344251,0.201844594560689,0
3.00852658049382,0.996062633652315,0.00382543711289764
3.0089777397648,0.223835353486387,0.00652365612513386
3.01301382571433,0.464358614942485,0.00240684256888926
3.01647600290702,0.118597956641007,0
3.01715617331694,0.38558204161392,0.00964995850045234
3.03175933271199,0.292588995271909,0.00727344747204333
3.03683148150088,0.328213285361309,0.0085702337408904
3.0371446102506,0.644917748225432,0
3.03740184885464,0.492024994302273,0.0090394628662616
3.04020927709254,0.303275750775491,0.000846222223760559
3.04104009562762,0.328825417816887,0.00137559128142893
3.04718580997904,0.289322685002489,0.00455049975612201
3.04796795265796,0.222787489355668,0.00978416247647255
3.05247644444172,0.107207772562273,0
3.05750714513765,0.0771462045012439,0
3.0581894133654,0.312464122306832,0.00126171645247378
3.06008524705457,0.121620338906861,0
3.06165556606864,0.649232330753688,0.000215125204855577
3.06258093278886,0.116628967438277,0
3.07012760933839,0.571214796494021,0.00336952711204067
3.07223342562223,0.463600415172564,0.00917026632945053
3.07238536330322,0.388443728772347,0.000530500222183764
3.07455380829044,0.141111732676296,0
3.0890881985192,0.638978580881156,0
3.0894550064738,0.941844806841233,0.0589449047462601
3.09136812758081,0.324386510550564,0.0531362503751698
3.101022584959,0.331169285460783,0
3.10213964435307,0.444193392345918,0
3.10379726758976,0.148513125516364,0
3.12353983567217,0.25194591731584,0.00213254491975531
3.12709156927949,0.816556050558084,0.276747398261752
3.13067413195943,0.263373609697014,0
3.13728008741059,0.357848162836355,0.00817962270732969
3.15114800330037,0.0995802417623281,0.00788630903949961
3.15550869185151,0.313310134880491,0
3.15895207342791,0.265522150785117,0.00807637945404276
3.15968045192196,0.666908850131772,0
3.16617329915809,0.402245061656774,0.00246732874629088
3.17136142591569,0.346738688157392,0.0507012737362232
3.18131622069119,0.269775896275156,0
3.18486820160424,0.205408309100391,0
3.1873017430959,0.265853152065178,0.00695229651862755
3.19901003446198,0.242436569333013,0.00324795697568916
3.20716363728494,0.22612936368709,0
3.20764745923421,0.134797274202091,0.000598505449527874
3.20839392215512,0.199426072882045,0
3.21238041999765,0.116910287602519,0
3.21619560167064,0.989325518324139,0
3.23488598510434,0.202557852573919,0.00385409540673718
3.24316334781873,0.154129942619523,0
3.24943055787003,0.0762835965688154,0.0109612882576883
3.25258106386608,0.289811476799084,0
3.25502910326775,0.393441115114466,0
3.26264157627097,0.2696904519893,0.0103714775573462
3.26323657413419,0.459796605707306,0
3.26808729109153,0.503431665956938,0.0110401846398599
3.27230157970496,0.323371249560369,0
3.27444806661428,0.115512887121844,0
3.27553310326825,0.24390739799475,0.00421677643088624
3.28300671058685,0.122064514470723,0.00914540650779381
3.28637974224357,0.828391503267113,0.0498730727361567
3.29077124707632,0.213431110378605,0
3.29102354820342,0.356764166970543,0.0511179448323376
3.30681912761543,0.113275852127754,0
3.30938487215747,0.67386993507534,0.00499611726757139
3.31333031777997,0.534194856212932,0.00305381606323645
3.32317287989589,0.111103291828417,0
3.32451541484779,0.350706988642788,0
3.32533788297746,0.129372396173138,0
3.33086979785407,0.0728520642648102,0.00411246987995692
3.3371357283431,0.404423983599754,0.000501436531031505
3.34080091336453,0.297899731278147,0
3.34565790257902,0.219213400706821,0.0035239121013321
3.35032680039386,0.325751279289586,0.00277619893834926
3.35063880651015,0.676481295207573,0
3.35504621639443,0.248966017075265,0.00694416007138789
3.35776752815056,0.337185992931197,0
3.36513429075065,0.201203224098149,0
3.38149042253393,0.196077604796268,0.00362225949112326
3.3885879333632,0.249229013350894,0.00984314099620096
3.38874884286546,0.358435365166338,0.00927048345417715
3.39176944920901,0.084435510552276,0.000673915800405666
3.39772831971695,0.34047641146335,0
3.39942112968879,0.380503348683396,0.0107061784653459
3.40076488953487,0.0520560786324921,0.0014511142199859
3.40361703843367,0.390432269990962,0.00524755024672486
3.40418006985401,0.389306207150279,0.00592865646737628
3.40489224501941,0.209986884786501,0.0102028014069423
3.4063646670803,0.173540419815085,9.52783546876168e-05
3.40903429246925,0.330364506649083,0
3.41104965897705,0.19767205687122,0
3.42005533906337,0.112086701543816,0.00773188584214076
3.42275235824736,0.23319072379122,0
3.42617613615349,0.271002120775141,0.00833566470276564
3.43352236756125,0.372728430131464,0.00871300165825523
3.43495335057586,0.123108421781232,0.00357872243206948
3.43884043868704,0.168493521168313,0.0031330520123709
3.4390821737479,1.03785188984413,0.0496161736670468
3.44550884032367,0.095252073328342,0.00695333536248654
3.44691162811373,0.0924464977482303,0.00711107795289717
3.44948053038564,0.0255542160755245,0.000272996843280271
3.45377238865357,0.314291047981307,0.00294614509865642
3.45928201286277,0.060937532281653,0
3.46476036460824,0.116653669325906,0.00153523477488197
3.46526191203041,0.458315444918287,0
3.46733426488556,0.0851028450541916,0.00105773192821071
3.4680970299018,0.46366452079745,0
3.47153580942327,0.223966258065673,0.00195043189865537
3.47276760328981,0.209118729836755,0
3.47417336512027,0.484210126363553,0.010842909921566
3.47677439272826,0.112201625818188,0
3.4794796112452,0.208078654421823,0
3.49351110713332,0.684701074658531,0
3.4945539817106,0.443448893182901,0
3.49582874113633,0.277658317621932,0.00182032095151953
3.49586956899384,0.50988168570117,0.00824773622187786
3.50745281206653,0.158295585853978,0
3.51027234704238,0.0710125268617752,0
3.51117391985626,0.0434025715621952,0.00192800713833421
3.51322843078821,0.606524295836735,0
3.51824988093889,0.111933329709814,0.00784381308825687
3.5195666320473,0.598731900629674,0
3.52263504057609,0.528153325549756,0.0093280752774328
3.5296790933653,0.626702081151793,0.00353076116102748
3.52979961001888,0.664198016453401,0
3.53355667977857,0.310645548670723,0
3.54349029711332,0.7281567159309,0.00786267389184795
3.5516853308281,0.171801657796574,0
3.55225014629759,0.538236981724857,0.0110625742830802
3.55731325555027,0.448695864029256,0.00748991681314073
3.55916412965172,1.21672409972795,0
3.56054241803137,0.806880652654971,0
3.56356127150423,0.239494275120506,0.00698838616786525
3.5638739675534,0.277597617385748,0.00784255898804404
3.57821107523005,0.360803433797124,0
3.58855604958211,0.0745305371293737,0.00401509470767342
3.59096942168513,0.288102376853315,0.00244602118427865
3.59266106356673,0.825299752569938,0
3.60060159078002,0.316022402697175,0.00980348468176089
3.606655427445,0.272582495878419,0.00626073283469305
3.60668187521506,0.414721443705767,0
3.60816115882827,0.116490878867213,0.00532555753150955
3.61075724822593,0.710665956944982,0.00460010623284616
3.61281388060346,0.118516910388193,0.00706503104972653
3.61666819934339,0.8644279776039,0
3.62130245670198,0.107181510874439,0
3.62387444617743,0.284960640209586,0.00417991080950014
3.63150681445128,0.142331923589993,0.0103708583923057
3.63738641676851,0.298650573164932,0.00719518214324489
3.64057807090666,0.342021074399425,0
3.64508799334823,0.232224244690662,0.00839864933216013
3.65213255133106,0.144442581953072,0
3.66117794327725,0.510559318437527,0
3.66368120937725,0.147976817812246,0.00952993009476922
3.66699554472413,0.103963881094175,0
3.66872270154629,0.513091061263749,0
3.67692370356518,0.249576562090565,0.00608279645880684
3.68008734026194,0.0560998609128172,0
3.68677323140845,0.747339558275942,0
3.69007597792032,0.18317041928917,0
3.69105214144591,0.201369396215478,0.0103313123860862
3.69116704820544,0.196120759485559,0
3.69199206705855,0.253881030607174,0
3.69417829189712,0.15460938150405,0
3.69446249902032,0.102224597540328,0.00398593523274176
3.70213894740947,0.305451288357449,0
3.70718891745838,0.575897989360554,0.00228947155703791
3.70820406191025,0.959333116645351,0.0487993134488869
3.70968791378692,0.583132450738347,0.000776274096546695
3.71162441524596,0.328391083036448,0
3.71199152564992,0.233299741678346,0.0084399439570494
3.71629709471328,0.229513696362402,0
3.72154547808094,0.252470517237699,0.0104638477829285
3.72162223515564,0.0894650622531683,0
3.72616100573856,0.462945021883277,0.00583275056378916
3.7264764183804,0.720866330708365,0
3.72980203880525,0.69170078080939,0.00731288287024945
3.73324067094152,0.141899259366822,0
3.73745717897224,0.388736907504181,0
3.73807508070779,1.25146201570514,0
3.74029201346104,0.497384066206463,0
3.74210732497154,0.663313059101079,0.00849323252951726
3.75433368651841,0.0748063060704692,0
3.75981339191748,0.245790451683777,0.00335625920039602
3.76282788065786,0.198141475175443,0.0074692615846172
3.76608960529691,0.158637302098501,0
3.77322375062358,0.10115004277945,0
3.77611734909987,0.53386783746936,0.00431022024527192
3.77706963092412,0.382247291942165,0
3.77920931700738,0.113304654910399,0.00273395523168147
3.79454127244235,0.304839568694162,0.00975451464434154
3.81152153182069,0.183145685726317,0.00771481980462559
3.81928371344713,0.493779943616545,0.0044141652203165
3.8209735967115,0.286018295294706,0
3.82278242864855,0.040495410585282,0
3.82599602728398,0.0950342467645876,0.0100122186569497
3.84166514169882,1.02438123201672,0
3.84468361018293,0.300908603911448,0.00649547134358436
3.85935894395975,0.0558317835583981,0
3.8661679435153,0.0961496373023093,0.00463885961808264
3.86807700124739,0.237694624707742,0
3.87008903756049,0.510503250061156,0
3.87303808799356,0.424008163132454,0
3.87725997410384,0.0695260626486103,0.000550235283421352
3.88133959044218,0.0613668299719362,0
3.90640783226795,0.269384430870673,0.00371646047858521
3.91269317435422,0.152581744420112,0.00685319385272451
3.92551907686899,0.431700847995945,0
3.94082273254517,0.501028191328483,0
3.96030761188162,0.319264995058884,0
3.96535105073931,0.0960488978982556,0.00940488387197256
3.97306073263194,0.0235991934969466,0
3.99569672314842,0.649499944855268,0
3.99966526350614,0.20779190764177,0.00582589014815167
4.00712119731261,1.69501969661414,0.00272418588059954
4.01843753337358,0.173913730070208,0
4.02377072218567,0.0962019683687429,0
4.02954263693296,0.299919467258899,0.0100398684221786
4.03121753013814,0.216767247344168,0
4.04615346834606,0.333593672567781,0.0101646840836853
4.05876334307112,0.601580871501402,0
4.06026607749725,0.151577946612435,0
4.0674375192023,0.0795734117669165,0
4.06934046209731,0.210093615596656,0.00862690087412484
4.07518533908691,0.0931163946466114,0.000810245617059991
4.09308847716593,0.256103762868128,0.00564873703764751
4.10272413890461,0.193961877950629,0.00968868939606473
4.11387112786547,0.424933201895638,0.00713972397074103
4.11413813454564,0.243154761714637,0.00831257524508983
4.11692297934367,0.552306983033591,0
4.11943069731741,0.369268791773523,0
4.13000732874961,0.517879497537694,0
4.13256364463846,0.0561080890668458,0
4.14141323527886,0.0931131727652904,0.00469526963769458
4.16459865433904,0.180451445523926,0.00497802857500501
4.17358227300151,0.19067574779978,0.0103614836615045
4.17416614041968,0.36223433855738,5.36879480816429e-05
4.1794592675858,0.182029762364675,0.0104393846852705
4.18601307023081,0.327095526386991,0
4.18645910794388,0.499269496000548,0.0110298772331793
4.18714880561459,0.0384016299680179,0
4.20546711737746,0.533612790288392,0
4.2171557442308,0.276255130935149,0
4.23301753460508,0.195431611362508,0
4.23394592647205,0.337399990809127,0.0100833310706075
4.24404723020799,0.158698640028975,0
4.25274092205552,0.0754370381857471,0
4.25816305900984,0.355861593868641,0
4.26821754668184,0.693805940318849,0.00287764071640559
4.27039346562498,0.682842526163568,0.00768735201875679
4.28690492059291,0.602916294157606,0.001275284260232
4.30290110823526,0.557318424227395,0.00375917194979265
4.30521418706141,0.0944239556723548,0
4.30878899474569,0.132537941224193,0.00246417050217278
4.34213883559828,0.195789236699913,0
4.34817466731489,0.942420878486221,0
4.36506765509422,0.807463909351345,0.008335983635718
4.36670599404376,0.271139537563395,0
4.40008302831975,0.340071039218841,0
4.40350669862285,0.114559539823367,0
4.41770184356385,0.251185877412312,0.00648837546659634
4.42791665167522,0.575203182963473,0
4.43714778554265,0.371288003590523,0
4.43900722771082,0.101753605638945,0
4.45166068257421,0.823182212178737,0.00614150043558329
4.45203641205276,0.373996575776178,0
4.45502819193532,0.284667623209928,0
4.45974772213721,1.0266564461472,0.0579531339447997
4.46560983267152,0.133979320963479,0
4.4683063658583,0.350031172188339,0
4.47147471221347,0.527497204045633,0
4.48255203131214,0.679040090133367,0
4.49800832932498,0.564096869939093,0
4.5049654531254,0.0624237227514821,0.00618141430299729
4.50754037952594,0.273701039230873,0
4.51146656051032,0.301847531615336,0.00708666111119092
4.51708971170162,0.196061610279286,0
4.54058848880887,0.0864891195821869,0.00894430253170431
4.54741690058726,0.189669920610728,0
4.56234614107361,0.218887464511755,0
4.56714726235989,0.22378554438932,0.00764357819063589
4.57469032938892,0.23127532987895,0.00724785700379871
4.58805365250818,0.614590972260556,0.00313443371574394
4.61259805076351,0.16563802614473,0
4.61665104038023,0.225402831012557,0
4.63196241411935,0.122844257383205,0.00995620389855467
4.63423867113434,0.291636186320372,0
4.64923698494938,0.104505944088782,0.00154946622555144
4.66148512623622,0.281425527871034,0
4.67210757827079,0.0748452460830833,0
4.67862905727246,0.311775248308891,0.00550226412140764
4.68747723113257,0.0421029356853467,0.000597855142224581
4.69915088136688,0.277786281155988,0.0080425809036009
4.7058931658207,0.460356423478294,0.0105991456612945
4.72539530662423,0.545134872436528,0.00428755364008248
4.73351774439031,0.831825682900023,0
4.73813933933055,0.519646807023876,0
4.75139095129596,0.211668259001516,0.00938182802726515
4.75936381177279,0.0984012602889777,0
4.78431076310874,0.1302238748076,0
4.79655093454493,0.100514770787064,0
4.82284068253045,0.0356814071610254,0.00724653189405799
4.82360837852455,0.47797330900484,0
4.82914194526486,0.120742823819,0
4.83922670432676,0.570796864250761,0.00875077946623787
4.86280149934971,0.916076209094303,0
4.87351858043632,0.0403333286148875,0.000899104256602005
4.87687621886734,0.706086674410122,0
4.89634377353121,0.104832233693916,0
4.92024012692868,0.123686530478278,0
4.92127170101604,0.110924082809062,0
4.92665831872851,0.0677051763703584,0.00480354491206817
4.94742031668561,0.288565600998853,0.0092842056913767
4.95405520573137,0.214264735055437,0
4.95886721899056,0.391416145461989,0.00192985464208759
4.97147248274558,0.763928366047066,0
4.97914095481653,0.480025894080362,0.0102017795789056
4.98060366868442,0.209865867169916,0
4.98712707308651,0.0603055274568378,0.00384607652993873
4.99227026402477,0.322042660946016,0
4.99639235338071,0.209656341582439,0
4.99706857662246,0.394244161433356,0.000642440933128818
5.01930061493025,0.192056611672252,0
5.02026284685078,0.255754832459739,0.00338055410915986
5.02754095683117,0.113240258805782,0.00503738421332091
5.03439442424624,0.268387671254021,0
5.04355778728315,0.337919178923114,0
5.04585471553746,0.94676301460535,0.00673554374934174
5.04953444727491,0.346441798101404,0
5.08446725792508,0.216979185930267,0
5.10259431436719,0.512172403815884,0.00328026183466427
5.13156970157192,0.278296106755429,0.00283871990726329
5.16876368575098,0.389225799362719,0
5.17137834090075,0.548801434647498,0.00385386967831291
5.1740082278541,0.300170350017844,0
5.17986620732677,0.140155149874105,0
5.21008668022432,0.251695099790037,0
5.23565212006474,0.443133058138302,0
5.26761597191955,0.874553994041354,0.00897531402795575
5.30289534403975,0.0746202304210799,0.00243440473778173
5.30778331432322,0.46521678239694,0.00163457954409532
5.31864861212689,0.370653982788679,0
5.33276621448859,0.465210513430523,0
5.34584386056321,0.0996036998907793,0.0075555588260293
5.37473862283437,1.06608467475332,0
5.39283634692374,0.137277268016687,0.00356876789177768
5.4198885529081,0.0765550291636622,0
5.42405686124766,0.306308143438161,0
5.43209364990935,0.532235559394792,0
5.43609183092349,0.281397337982029,0.00281950342026539
5.47360911705695,0.162143277370886,0.00637450279821642
5.50540187746791,0.670479559810974,0
5.5191244891654,0.283036985660376,0.00524103150176816
5.52509658533856,0.151582932310023,0
5.59949412492045,0.216708294483984,0
5.64590264487458,0.0768653896921986,0.00475547735933215
5.65375292238938,0.40008941693016,0.00153033385109156
5.67126466573901,0.263720504498912,0
5.67851791379184,1.09032007993979,0
5.6990143803592,0.39566838074786,0
5.73434778424758,0.144918292537794,0.00902603138149716
5.75436173994686,0.101546457939266,0
5.7579445023009,0.0917017633730559,0.00666054021720774
5.77001406053175,0.104748313064597,0
5.8062295170776,0.110379235603606,0.0069323375380598
5.82114776026248,0.432385311336871,0
5.8268178508804,0.0755196926434522,0
5.83221583142585,0.106541450951017,0.00637896889331751
5.93978090027312,0.426376346221457,0
5.96848543753116,0.270133891968142,0.00664371243738569
6.08181134516611,0.15691578031246,0.00163377921637148
6.18491805307018,0.840459006487003,0
6.29159160297039,0.963740176456744,0.00726375979380682
6.29523047718324,0.104317464945539,0.00337746358201839
6.41826563235127,0.350470837152179,0
6.46606744175227,0.0794332367519202,0.0104642223326024
6.49598224994227,0.0897748057983575,0.00880625376552343
6.5498405095731,0.171045231050461,0
6.57494170619015,0.198397443220957,0
6.70590936085507,0.0602690808902548,0
6.8015216757865,0.555512642214259,0.00114739942923188
6.80231328435698,0.0925631562290805,0.000438100353302434
6.82614055285088,0.256784568713574,0.0027521922131069
6.89475058321087,0.504218162957376,0
7.12789887029994,0.0660665980684891,0
7.20103923912217,0.293236717244115,0.00929286326626316
7.20649916497682,0.253192936828168,0.00749141514105722
